_3998_,m_bsc_result_out.g_bsp_inner\[4\].m_inner.ff_1_q, jtag_clock
_3999_,m_bsc_result_out.g_bsp_inner\[5\].m_inner.ff_2_q, jtag_clock
_4000_,m_bsc_result_out.g_bsp_inner\[3\].m_inner.ff_1_q, jtag_clock
_4001_,m_bsc_result_out.g_bsp_inner\[4\].m_inner.ff_2_q, jtag_clock
_4002_,m_bsc_result_out.g_bsp_inner\[2\].m_inner.ff_1_q, jtag_clock
_4003_,m_bsc_result_out.g_bsp_inner\[3\].m_inner.ff_2_q, jtag_clock
_4004_,m_bsc_result_out.g_bsp_inner\[1\].m_inner.ff_1_q, jtag_clock
_4005_,m_bsc_result_out.g_bsp_inner\[2\].m_inner.ff_2_q, jtag_clock
_4006_,m_bsc_result_out.g_bsp_inner\[0\].m_inner.ff_1_q, jtag_clock
_4007_,m_bsc_result_out.g_bsp_inner\[1\].m_inner.ff_2_q, jtag_clock
_4008_,m_bsc_data_mode_in.chain, jtag_clock
_4009_,m_bsc_result_out.g_bsp_inner\[0\].m_inner.ff_2_q, jtag_clock
_4053_,m_2x2_systolic_mac.g_unit_x\[0\].g_unit_y\[0\].m_unit.jtag_ureg_addr_i\[0\], jtag_clock
_4054_,m_2x2_systolic_mac.g_unit_x\[0\].g_unit_y\[0\].m_unit.jtag_ureg_addr_i\[1\], jtag_clock
_4055_,m_2x2_systolic_mac.jtag_ureg_addr_i\[2\], jtag_clock
_4056_,m_2x2_systolic_mac.jtag_ureg_addr_i\[3\], jtag_clock
_4057_,m_bsc_result_out.g_bsp_inner\[0\].m_inner.scan_i, jtag_clock
_4220_,m_bsc_data_in.g_bsp_inner\[0\].m_inner.scan_i, jtag_clock
_4221_,m_bsc_data_v_in.g_bsp_inner\[0\].m_inner.ff_2_q, jtag_clock
_4222_,m_bsc_data_in.g_bsp_inner\[7\].m_inner.ff_1_q, jtag_clock
_4223_,m_bsc_data_mode_in.g_bsp_inner\[0\].m_inner.ff_2_q, jtag_clock
_4224_,m_bsc_data_mode_in.g_bsp_inner\[0\].m_inner.ff_1_q, jtag_clock
_4225_,m_bsc_data_rst_in.g_bsp_inner\[0\].m_inner.ff_2_q, jtag_clock
_4226_,m_bsc_data_in.g_bsp_inner\[6\].m_inner.ff_1_q, jtag_clock
_4227_,m_bsc_data_in.g_bsp_inner\[7\].m_inner.ff_2_q, jtag_clock
_4228_,m_bsc_data_in.g_bsp_inner\[5\].m_inner.ff_1_q, jtag_clock
_4229_,m_bsc_data_in.g_bsp_inner\[6\].m_inner.ff_2_q, jtag_clock
_4230_,m_bsc_data_in.g_bsp_inner\[4\].m_inner.ff_1_q, jtag_clock
_4231_,m_bsc_data_in.g_bsp_inner\[5\].m_inner.ff_2_q, jtag_clock
_4232_,m_bsc_data_in.g_bsp_inner\[3\].m_inner.ff_1_q, jtag_clock
_4233_,m_bsc_data_in.g_bsp_inner\[4\].m_inner.ff_2_q, jtag_clock
_4234_,m_bsc_data_in.g_bsp_inner\[2\].m_inner.ff_1_q, jtag_clock
_4235_,m_bsc_data_in.g_bsp_inner\[3\].m_inner.ff_2_q, jtag_clock
_4236_,m_bsc_data_in.g_bsp_inner\[1\].m_inner.ff_1_q, jtag_clock
_4237_,m_bsc_data_in.g_bsp_inner\[2\].m_inner.ff_2_q, jtag_clock
_4238_,m_bsc_data_in.g_bsp_inner\[0\].m_inner.ff_1_q, jtag_clock
_4239_,m_bsc_data_in.g_bsp_inner\[1\].m_inner.ff_2_q, jtag_clock
_4241_,m_bsc_data_in.g_bsp_inner\[0\].m_inner.ff_2_q, jtag_clock
_4242_,bsc_tdo, jtag_clock
_4243_,m_bsc_result_v_out.g_bsp_inner\[0\].m_inner.ff_2_q, jtag_clock
_4244_,m_bsc_result_out.g_bsp_inner\[6\].m_inner.ff_1_q, jtag_clock
_4245_,m_bsc_result_out.g_bsp_inner\[7\].m_inner.ff_2_q, jtag_clock
_4246_,m_bsc_result_out.g_bsp_inner\[5\].m_inner.ff_1_q, jtag_clock
_4247_,m_bsc_result_out.g_bsp_inner\[6\].m_inner.ff_2_q, jtag_clock
_4064_,m_2x2_systolic_mac.m_fsm.wr_fsm_q\[0\], main_clock
_4065_,m_2x2_systolic_mac.m_fsm.wr_fsm_q\[1\], main_clock
_4066_,m_2x2_systolic_mac.m_fsm.wr_fsm_q\[2\], main_clock
_4067_,m_2x2_systolic_mac.m_fsm.wr_fsm_q\[3\], main_clock
_4068_,m_2x2_systolic_mac.m_fsm.wr_fsm_q\[4\], main_clock
_4069_,m_2x2_systolic_mac.m_fsm.rd_fsm_q\[0\], main_clock
_4070_,m_2x2_systolic_mac.m_fsm.rd_fsm_q\[1\], main_clock
_4071_,m_2x2_systolic_mac.m_fsm.rd_fsm_q\[2\], main_clock
_4072_,m_2x2_systolic_mac.m_fsm.rd_fsm_q\[3\], main_clock
_4073_,m_2x2_systolic_mac.data_flow_right\[1\]\[0\], main_clock
_4074_,m_2x2_systolic_mac.data_flow_right\[1\]\[1\], main_clock
_4075_,m_2x2_systolic_mac.data_flow_right\[1\]\[2\], main_clock
_4076_,m_2x2_systolic_mac.data_flow_right\[1\]\[3\], main_clock
_4077_,m_2x2_systolic_mac.data_flow_right\[1\]\[4\], main_clock
_4078_,m_2x2_systolic_mac.data_flow_right\[1\]\[5\], main_clock
_4079_,m_2x2_systolic_mac.data_flow_right\[1\]\[6\], main_clock
_4080_,m_2x2_systolic_mac.data_flow_right\[1\]\[7\], main_clock
_4081_,m_2x2_systolic_mac.g_unit_x\[1\].g_unit_y\[1\].m_unit.add_extended\[0\], main_clock
_4082_,m_2x2_systolic_mac.g_unit_x\[1\].g_unit_y\[1\].m_unit.add_extended\[1\], main_clock
_4083_,m_2x2_systolic_mac.g_unit_x\[1\].g_unit_y\[1\].m_unit.add_extended\[2\], main_clock
_4084_,m_2x2_systolic_mac.g_unit_x\[1\].g_unit_y\[1\].m_unit.add_extended\[3\], main_clock
_4085_,m_2x2_systolic_mac.g_unit_x\[1\].g_unit_y\[1\].m_unit.add_extended\[4\], main_clock
_4086_,m_2x2_systolic_mac.g_unit_x\[1\].g_unit_y\[1\].m_unit.add_extended\[5\], main_clock
_4087_,m_2x2_systolic_mac.g_unit_x\[1\].g_unit_y\[1\].m_unit.add_extended\[6\], main_clock
_4088_,m_2x2_systolic_mac.g_unit_x\[1\].g_unit_y\[1\].m_unit.add_extended\[10\], main_clock
_4089_,m_2x2_systolic_mac.g_unit_x\[1\].g_unit_y\[1\].m_unit.m_mul.m_enc0.m_sel.single_o, main_clock
_4090_,m_2x2_systolic_mac.g_unit_x\[1\].g_unit_y\[1\].m_unit.m_mul.m_enc0.m_sel.neg_o, main_clock
_4091_,m_2x2_systolic_mac.g_unit_x\[1\].g_unit_y\[1\].m_unit.m_mul.m_enc1.m_sel.mul_i\[1\], main_clock
_4092_,m_2x2_systolic_mac.g_unit_x\[1\].g_unit_y\[1\].m_unit.m_mul.m_enc1.m_sel.mul_i\[2\], main_clock
_4093_,m_2x2_systolic_mac.g_unit_x\[1\].g_unit_y\[1\].m_unit.m_mul.m_enc2.m_sel.mul_i\[1\], main_clock
_4094_,m_2x2_systolic_mac.g_unit_x\[1\].g_unit_y\[1\].m_unit.m_mul.m_enc2.m_sel.mul_i\[2\], main_clock
_4095_,m_2x2_systolic_mac.g_unit_x\[1\].g_unit_y\[1\].m_unit.m_mul.m_enc3.m_sel.mul_i\[1\], main_clock
_4096_,m_2x2_systolic_mac.g_unit_x\[1\].g_unit_y\[1\].m_unit.m_mul.m_enc3.m_sel.mul_i\[2\], main_clock
_4097_,m_2x2_systolic_mac.data_flow_right\[2\]\[0\], main_clock
_4098_,m_2x2_systolic_mac.data_flow_right\[2\]\[1\], main_clock
_4099_,m_2x2_systolic_mac.data_flow_right\[2\]\[2\], main_clock
_4100_,m_2x2_systolic_mac.data_flow_right\[2\]\[3\], main_clock
_4101_,m_2x2_systolic_mac.data_flow_right\[2\]\[4\], main_clock
_4102_,m_2x2_systolic_mac.data_flow_right\[2\]\[5\], main_clock
_4103_,m_2x2_systolic_mac.data_flow_right\[2\]\[6\], main_clock
_4104_,m_2x2_systolic_mac.data_flow_right\[2\]\[7\], main_clock
_4105_,m_2x2_systolic_mac.g_unit_x\[1\].g_unit_y\[0\].m_unit.m_mul.m_enc0.m_sel.single_o, main_clock
_4106_,m_2x2_systolic_mac.g_unit_x\[1\].g_unit_y\[0\].m_unit.m_mul.m_enc0.m_sel.neg_o, main_clock
_4107_,m_2x2_systolic_mac.g_unit_x\[1\].g_unit_y\[0\].m_unit.m_mul.m_enc1.m_sel.mul_i\[1\], main_clock
_4108_,m_2x2_systolic_mac.g_unit_x\[1\].g_unit_y\[0\].m_unit.m_mul.m_enc1.m_sel.mul_i\[2\], main_clock
_4109_,m_2x2_systolic_mac.g_unit_x\[1\].g_unit_y\[0\].m_unit.m_mul.m_enc2.m_sel.mul_i\[1\], main_clock
_4110_,m_2x2_systolic_mac.g_unit_x\[1\].g_unit_y\[0\].m_unit.m_mul.m_enc2.m_sel.mul_i\[2\], main_clock
_4111_,m_2x2_systolic_mac.g_unit_x\[1\].g_unit_y\[0\].m_unit.m_mul.m_enc3.m_sel.mul_i\[1\], main_clock
_4112_,m_2x2_systolic_mac.g_unit_x\[1\].g_unit_y\[0\].m_unit.m_mul.m_enc3.m_sel.mul_i\[2\], main_clock
_4113_,m_2x2_systolic_mac.data_flow_right\[0\]\[0\], main_clock
_4114_,m_2x2_systolic_mac.data_flow_right\[0\]\[1\], main_clock
_4115_,m_2x2_systolic_mac.data_flow_right\[0\]\[2\], main_clock
_4116_,m_2x2_systolic_mac.data_flow_right\[0\]\[3\], main_clock
_4117_,m_2x2_systolic_mac.data_flow_right\[0\]\[4\], main_clock
_4118_,m_2x2_systolic_mac.data_flow_right\[0\]\[5\], main_clock
_4119_,m_2x2_systolic_mac.data_flow_right\[0\]\[6\], main_clock
_4120_,m_2x2_systolic_mac.data_flow_right\[0\]\[7\], main_clock
_4121_,m_2x2_systolic_mac.g_unit_x\[0\].g_unit_y\[1\].m_unit.add_extended\[0\], main_clock
_4122_,m_2x2_systolic_mac.g_unit_x\[0\].g_unit_y\[1\].m_unit.add_extended\[1\], main_clock
_4123_,m_2x2_systolic_mac.g_unit_x\[0\].g_unit_y\[1\].m_unit.add_extended\[2\], main_clock
_4124_,m_2x2_systolic_mac.g_unit_x\[0\].g_unit_y\[1\].m_unit.add_extended\[3\], main_clock
_4125_,m_2x2_systolic_mac.g_unit_x\[0\].g_unit_y\[1\].m_unit.add_extended\[4\], main_clock
_4126_,m_2x2_systolic_mac.g_unit_x\[0\].g_unit_y\[1\].m_unit.add_extended\[5\], main_clock
_4127_,m_2x2_systolic_mac.g_unit_x\[0\].g_unit_y\[1\].m_unit.add_extended\[6\], main_clock
_4128_,m_2x2_systolic_mac.g_unit_x\[0\].g_unit_y\[1\].m_unit.add_extended\[10\], main_clock
_4129_,m_2x2_systolic_mac.g_unit_x\[0\].g_unit_y\[1\].m_unit.m_mul.m_enc0.m_sel.single_o, main_clock
_4130_,m_2x2_systolic_mac.g_unit_x\[0\].g_unit_y\[1\].m_unit.m_mul.m_enc0.m_sel.neg_o, main_clock
_4131_,m_2x2_systolic_mac.g_unit_x\[0\].g_unit_y\[1\].m_unit.m_mul.m_enc1.m_sel.mul_i\[1\], main_clock
_4132_,m_2x2_systolic_mac.g_unit_x\[0\].g_unit_y\[1\].m_unit.m_mul.m_enc1.m_sel.mul_i\[2\], main_clock
_4133_,m_2x2_systolic_mac.g_unit_x\[0\].g_unit_y\[1\].m_unit.m_mul.m_enc2.m_sel.mul_i\[1\], main_clock
_4134_,m_2x2_systolic_mac.g_unit_x\[0\].g_unit_y\[1\].m_unit.m_mul.m_enc2.m_sel.mul_i\[2\], main_clock
_4135_,m_2x2_systolic_mac.g_unit_x\[0\].g_unit_y\[1\].m_unit.m_mul.m_enc3.m_sel.mul_i\[1\], main_clock
_4136_,m_2x2_systolic_mac.g_unit_x\[0\].g_unit_y\[1\].m_unit.m_mul.m_enc3.m_sel.mul_i\[2\], main_clock
_4137_,m_2x2_systolic_mac.data_input_q\[0\]\[0\], main_clock
_4138_,m_2x2_systolic_mac.data_input_q\[0\]\[1\], main_clock
_4139_,m_2x2_systolic_mac.data_input_q\[0\]\[2\], main_clock
_4140_,m_2x2_systolic_mac.data_input_q\[0\]\[3\], main_clock
_4141_,m_2x2_systolic_mac.data_input_q\[0\]\[4\], main_clock
_4142_,m_2x2_systolic_mac.data_input_q\[0\]\[5\], main_clock
_4143_,m_2x2_systolic_mac.data_input_q\[0\]\[6\], main_clock
_4144_,m_2x2_systolic_mac.data_input_q\[0\]\[7\], main_clock
_4145_,m_2x2_systolic_mac.g_unit_x\[0\].g_unit_y\[0\].m_unit.m_mul.m_enc0.m_sel.single_o, main_clock
_4146_,m_2x2_systolic_mac.g_unit_x\[0\].g_unit_y\[0\].m_unit.m_mul.m_enc0.m_sel.neg_o, main_clock
_4147_,m_2x2_systolic_mac.g_unit_x\[0\].g_unit_y\[0\].m_unit.m_mul.m_enc1.m_sel.mul_i\[1\], main_clock
_4148_,m_2x2_systolic_mac.g_unit_x\[0\].g_unit_y\[0\].m_unit.m_mul.m_enc1.m_sel.mul_i\[2\], main_clock
_4149_,m_2x2_systolic_mac.g_unit_x\[0\].g_unit_y\[0\].m_unit.m_mul.m_enc2.m_sel.mul_i\[1\], main_clock
_4150_,m_2x2_systolic_mac.g_unit_x\[0\].g_unit_y\[0\].m_unit.m_mul.m_enc2.m_sel.mul_i\[2\], main_clock
_4151_,m_2x2_systolic_mac.g_unit_x\[0\].g_unit_y\[0\].m_unit.m_mul.m_enc3.m_sel.mul_i\[1\], main_clock
_4152_,m_2x2_systolic_mac.g_unit_x\[0\].g_unit_y\[0\].m_unit.m_mul.m_enc3.m_sel.mul_i\[2\], main_clock
_4176_,m_2x2_systolic_mac.data_flow_right\[3\]\[0\], main_clock
_4177_,m_2x2_systolic_mac.data_flow_right\[3\]\[1\], main_clock
_4178_,m_2x2_systolic_mac.data_flow_right\[3\]\[2\], main_clock
_4179_,m_2x2_systolic_mac.data_flow_right\[3\]\[3\], main_clock
_4180_,m_2x2_systolic_mac.data_flow_right\[3\]\[4\], main_clock
_4181_,m_2x2_systolic_mac.data_flow_right\[3\]\[5\], main_clock
_4182_,m_2x2_systolic_mac.data_flow_right\[3\]\[6\], main_clock
_4183_,m_2x2_systolic_mac.data_flow_right\[3\]\[7\], main_clock
_4184_,m_2x2_systolic_mac.m_fsm.res_rd_o\[0\], main_clock
_4185_,m_2x2_systolic_mac.g_unit_x\[0\].g_unit_y\[0\].m_unit.step_i, main_clock
_4186_,m_2x2_systolic_mac.m_fsm.en_q, main_clock
_4187_,m_2x2_systolic_mac.m_fsm.wr_data_pos_q\[0\], main_clock
_4188_,m_2x2_systolic_mac.m_fsm.wr_data_pos_q\[1\], main_clock
_4189_,m_2x2_systolic_mac.data_input_q\[1\]\[0\], main_clock
_4190_,m_2x2_systolic_mac.data_input_q\[1\]\[1\], main_clock
_4191_,m_2x2_systolic_mac.data_input_q\[1\]\[2\], main_clock
_4192_,m_2x2_systolic_mac.data_input_q\[1\]\[3\], main_clock
_4193_,m_2x2_systolic_mac.data_input_q\[1\]\[4\], main_clock
_4194_,m_2x2_systolic_mac.data_input_q\[1\]\[5\], main_clock
_4195_,m_2x2_systolic_mac.data_input_q\[1\]\[6\], main_clock
_4196_,m_2x2_systolic_mac.data_input_q\[1\]\[7\], main_clock
_4197_,m_2x2_systolic_mac.res_stream_q\[0\]\[0\], main_clock
_4198_,m_2x2_systolic_mac.res_stream_q\[0\]\[1\], main_clock
_4199_,m_2x2_systolic_mac.res_stream_q\[0\]\[2\], main_clock
_4200_,m_2x2_systolic_mac.res_stream_q\[0\]\[3\], main_clock
_4201_,m_2x2_systolic_mac.res_stream_q\[0\]\[4\], main_clock
_4202_,m_2x2_systolic_mac.res_stream_q\[0\]\[5\], main_clock
_4203_,m_2x2_systolic_mac.res_stream_q\[0\]\[6\], main_clock
_4204_,m_2x2_systolic_mac.res_stream_q\[0\]\[7\], main_clock
_4205_,m_2x2_systolic_mac.res_stream_q\[1\]\[0\], main_clock
_4206_,m_2x2_systolic_mac.res_stream_q\[1\]\[1\], main_clock
_4207_,m_2x2_systolic_mac.res_stream_q\[1\]\[2\], main_clock
_4208_,m_2x2_systolic_mac.res_stream_q\[1\]\[3\], main_clock
_4209_,m_2x2_systolic_mac.res_stream_q\[1\]\[4\], main_clock
_4210_,m_2x2_systolic_mac.res_stream_q\[1\]\[5\], main_clock
_4211_,m_2x2_systolic_mac.res_stream_q\[1\]\[6\], main_clock
_4212_,m_2x2_systolic_mac.res_stream_q\[1\]\[7\], main_clock
_4213_,m_2x2_systolic_mac.m_fsm.wr_weight_pos_q\[0\], main_clock
_4214_,m_2x2_systolic_mac.m_fsm.wr_weight_pos_q\[1\], main_clock
_4215_,m_2x2_systolic_mac.m_fsm.wr_weight_pos_q\[2\], main_clock
_4216_,m_2x2_systolic_mac.m_fsm.wr_weight_pos_q\[3\], main_clock
_4217_,m_2x2_systolic_mac.m_fsm.res_rd_o\[1\], main_clock
_4218_,m_2x2_systolic_mac.m_fsm.res_wr_o\[1\], main_clock
_4219_,m_2x2_systolic_mac.m_fsm.res_wr_o\[0\], main_clock
_4240_,m_2x2_systolic_mac.m_fsm.last_step_q, main_clock
