_4031_, m_bsc_result_out.g_bsp_inner\[5\].m_inner.ff_2_q
_4032_, m_bsc_result_out.g_bsp_inner\[3\].m_inner.ff_1_q
_4033_, m_bsc_result_out.g_bsp_inner\[4\].m_inner.ff_2_q
_4034_, m_bsc_result_out.g_bsp_inner\[2\].m_inner.ff_1_q
_4035_, m_bsc_result_out.g_bsp_inner\[3\].m_inner.ff_2_q
_4036_, m_bsc_result_out.g_bsp_inner\[1\].m_inner.ff_1_q
_4037_, m_bsc_result_out.g_bsp_inner\[2\].m_inner.ff_2_q
_4038_, m_bsc_result_out.g_bsp_inner\[0\].m_inner.ff_1_q
_4039_, m_bsc_result_out.g_bsp_inner\[1\].m_inner.ff_2_q
_4040_, m_bsc_data_mode_in.chain
_4041_, m_bsc_result_out.g_bsp_inner\[0\].m_inner.ff_2_q
_4085_, m_2x2_systolic_mac.g_unit_x\[0\].g_unit_y\[0\].m_unit.jtag_ureg_addr_i\[0\]
_4086_, m_2x2_systolic_mac.g_unit_x\[0\].g_unit_y\[0\].m_unit.jtag_ureg_addr_i\[1\]
_4087_, m_2x2_systolic_mac.jtag_ureg_addr_i\[2\]
_4088_, m_2x2_systolic_mac.jtag_ureg_addr_i\[3\]
_4089_, m_bsc_result_out.g_bsp_inner\[0\].m_inner.scan_i
_4252_, m_bsc_data_in.g_bsp_inner\[0\].m_inner.scan_i
_4253_, m_bsc_data_v_in.g_bsp_inner\[0\].m_inner.ff_2_q
_4254_, m_bsc_data_in.g_bsp_inner\[7\].m_inner.ff_1_q
_4255_, m_bsc_data_mode_in.g_bsp_inner\[0\].m_inner.ff_2_q
_4256_, m_bsc_data_mode_in.g_bsp_inner\[0\].m_inner.ff_1_q
_4257_, m_bsc_data_rst_in.g_bsp_inner\[0\].m_inner.ff_2_q
_4258_, m_bsc_data_in.g_bsp_inner\[6\].m_inner.ff_1_q
_4259_, m_bsc_data_in.g_bsp_inner\[7\].m_inner.ff_2_q
_4260_, m_bsc_data_in.g_bsp_inner\[5\].m_inner.ff_1_q
_4261_, m_bsc_data_in.g_bsp_inner\[6\].m_inner.ff_2_q
_4262_, m_bsc_data_in.g_bsp_inner\[4\].m_inner.ff_1_q
_4263_, m_bsc_data_in.g_bsp_inner\[5\].m_inner.ff_2_q
_4264_, m_bsc_data_in.g_bsp_inner\[3\].m_inner.ff_1_q
_4265_, m_bsc_data_in.g_bsp_inner\[4\].m_inner.ff_2_q
_4266_, m_bsc_data_in.g_bsp_inner\[2\].m_inner.ff_1_q
_4267_, m_bsc_data_in.g_bsp_inner\[3\].m_inner.ff_2_q
_4268_, m_bsc_data_in.g_bsp_inner\[1\].m_inner.ff_1_q
_4269_, m_bsc_data_in.g_bsp_inner\[2\].m_inner.ff_2_q
_4270_, m_bsc_data_in.g_bsp_inner\[0\].m_inner.ff_1_q
_4271_, m_bsc_data_in.g_bsp_inner\[1\].m_inner.ff_2_q
_4273_, m_bsc_data_in.g_bsp_inner\[0\].m_inner.ff_2_q
_4274_, bsc_tdo
_4275_, m_bsc_result_v_out.g_bsp_inner\[0\].m_inner.ff_2_q
_4276_, m_bsc_result_out.g_bsp_inner\[6\].m_inner.ff_1_q
_4277_, m_bsc_result_out.g_bsp_inner\[7\].m_inner.ff_2_q
_4278_, m_bsc_result_out.g_bsp_inner\[5\].m_inner.ff_1_q
_4279_, m_bsc_result_out.g_bsp_inner\[6\].m_inner.ff_2_q
_4097_, m_2x2_systolic_mac.m_fsm.wr_fsm_q\[1\]
_4098_, m_2x2_systolic_mac.m_fsm.wr_fsm_q\[2\]
_4099_, m_2x2_systolic_mac.m_fsm.wr_fsm_q\[3\]
_4100_, m_2x2_systolic_mac.m_fsm.wr_fsm_q\[4\]
_4101_, m_2x2_systolic_mac.m_fsm.rd_fsm_q\[0\]
_4102_, m_2x2_systolic_mac.m_fsm.rd_fsm_q\[1\]
_4103_, m_2x2_systolic_mac.m_fsm.rd_fsm_q\[2\]
_4104_, m_2x2_systolic_mac.m_fsm.rd_fsm_q\[3\]
_4105_, m_2x2_systolic_mac.data_flow_right\[1\]\[0\]
_4106_, m_2x2_systolic_mac.data_flow_right\[1\]\[1\]
_4107_, m_2x2_systolic_mac.data_flow_right\[1\]\[2\]
_4108_, m_2x2_systolic_mac.data_flow_right\[1\]\[3\]
_4109_, m_2x2_systolic_mac.data_flow_right\[1\]\[4\]
_4110_, m_2x2_systolic_mac.data_flow_right\[1\]\[5\]
_4111_, m_2x2_systolic_mac.data_flow_right\[1\]\[6\]
_4112_, m_2x2_systolic_mac.data_flow_right\[1\]\[7\]
_4113_, m_2x2_systolic_mac.g_unit_x\[1\].g_unit_y\[1\].m_unit.add_extended\[0\]
_4114_, m_2x2_systolic_mac.g_unit_x\[1\].g_unit_y\[1\].m_unit.add_extended\[1\]
_4115_, m_2x2_systolic_mac.g_unit_x\[1\].g_unit_y\[1\].m_unit.add_extended\[2\]
_4116_, m_2x2_systolic_mac.g_unit_x\[1\].g_unit_y\[1\].m_unit.add_extended\[3\]
_4117_, m_2x2_systolic_mac.g_unit_x\[1\].g_unit_y\[1\].m_unit.add_extended\[4\]
_4118_, m_2x2_systolic_mac.g_unit_x\[1\].g_unit_y\[1\].m_unit.add_extended\[5\]
_4119_, m_2x2_systolic_mac.g_unit_x\[1\].g_unit_y\[1\].m_unit.add_extended\[6\]
_4120_, m_2x2_systolic_mac.g_unit_x\[1\].g_unit_y\[1\].m_unit.add_extended\[10\]
_4121_, m_2x2_systolic_mac.g_unit_x\[1\].g_unit_y\[1\].m_unit.m_mul.m_enc0.m_sel.single_o
_4122_, m_2x2_systolic_mac.g_unit_x\[1\].g_unit_y\[1\].m_unit.m_mul.m_enc0.m_sel.neg_o
_4123_, m_2x2_systolic_mac.g_unit_x\[1\].g_unit_y\[1\].m_unit.m_mul.m_enc1.m_sel.mul_i\[1\]
_4124_, m_2x2_systolic_mac.g_unit_x\[1\].g_unit_y\[1\].m_unit.m_mul.m_enc1.m_sel.mul_i\[2\]
_4125_, m_2x2_systolic_mac.g_unit_x\[1\].g_unit_y\[1\].m_unit.m_mul.m_enc2.m_sel.mul_i\[1\]
_4126_, m_2x2_systolic_mac.g_unit_x\[1\].g_unit_y\[1\].m_unit.m_mul.m_enc2.m_sel.mul_i\[2\]
_4127_, m_2x2_systolic_mac.g_unit_x\[1\].g_unit_y\[1\].m_unit.m_mul.m_enc3.m_sel.mul_i\[1\]
_4128_, m_2x2_systolic_mac.g_unit_x\[1\].g_unit_y\[1\].m_unit.m_mul.m_enc3.m_sel.mul_i\[2\]
_4129_, m_2x2_systolic_mac.data_flow_right\[2\]\[0\]
_4130_, m_2x2_systolic_mac.data_flow_right\[2\]\[1\]
_4131_, m_2x2_systolic_mac.data_flow_right\[2\]\[2\]
_4132_, m_2x2_systolic_mac.data_flow_right\[2\]\[3\]
_4133_, m_2x2_systolic_mac.data_flow_right\[2\]\[4\]
_4134_, m_2x2_systolic_mac.data_flow_right\[2\]\[5\]
_4135_, m_2x2_systolic_mac.data_flow_right\[2\]\[6\]
_4136_, m_2x2_systolic_mac.data_flow_right\[2\]\[7\]
_4137_, m_2x2_systolic_mac.g_unit_x\[1\].g_unit_y\[0\].m_unit.m_mul.m_enc0.m_sel.single_o
_4138_, m_2x2_systolic_mac.g_unit_x\[1\].g_unit_y\[0\].m_unit.m_mul.m_enc0.m_sel.neg_o
_4139_, m_2x2_systolic_mac.g_unit_x\[1\].g_unit_y\[0\].m_unit.m_mul.m_enc1.m_sel.mul_i\[1\]
_4140_, m_2x2_systolic_mac.g_unit_x\[1\].g_unit_y\[0\].m_unit.m_mul.m_enc1.m_sel.mul_i\[2\]
_4141_, m_2x2_systolic_mac.g_unit_x\[1\].g_unit_y\[0\].m_unit.m_mul.m_enc2.m_sel.mul_i\[1\]
_4142_, m_2x2_systolic_mac.g_unit_x\[1\].g_unit_y\[0\].m_unit.m_mul.m_enc2.m_sel.mul_i\[2\]
_4143_, m_2x2_systolic_mac.g_unit_x\[1\].g_unit_y\[0\].m_unit.m_mul.m_enc3.m_sel.mul_i\[1\]
_4144_, m_2x2_systolic_mac.g_unit_x\[1\].g_unit_y\[0\].m_unit.m_mul.m_enc3.m_sel.mul_i\[2\]
_4145_, m_2x2_systolic_mac.data_flow_right\[3\]\[0\]
_4146_, m_2x2_systolic_mac.data_flow_right\[3\]\[1\]
_4147_, m_2x2_systolic_mac.data_flow_right\[3\]\[2\]
_4148_, m_2x2_systolic_mac.data_flow_right\[3\]\[3\]
_4149_, m_2x2_systolic_mac.data_flow_right\[3\]\[4\]
_4150_, m_2x2_systolic_mac.data_flow_right\[3\]\[5\]
_4151_, m_2x2_systolic_mac.data_flow_right\[3\]\[6\]
_4152_, m_2x2_systolic_mac.data_flow_right\[3\]\[7\]
_4153_, m_2x2_systolic_mac.g_unit_x\[0\].g_unit_y\[1\].m_unit.add_extended\[0\]
_4154_, m_2x2_systolic_mac.g_unit_x\[0\].g_unit_y\[1\].m_unit.add_extended\[1\]
_4155_, m_2x2_systolic_mac.g_unit_x\[0\].g_unit_y\[1\].m_unit.add_extended\[2\]
_4156_, m_2x2_systolic_mac.g_unit_x\[0\].g_unit_y\[1\].m_unit.add_extended\[3\]
_4157_, m_2x2_systolic_mac.g_unit_x\[0\].g_unit_y\[1\].m_unit.add_extended\[4\]
_4158_, m_2x2_systolic_mac.g_unit_x\[0\].g_unit_y\[1\].m_unit.add_extended\[5\]
_4159_, m_2x2_systolic_mac.g_unit_x\[0\].g_unit_y\[1\].m_unit.add_extended\[6\]
_4160_, m_2x2_systolic_mac.g_unit_x\[0\].g_unit_y\[1\].m_unit.add_extended\[10\]
_4161_, m_2x2_systolic_mac.g_unit_x\[0\].g_unit_y\[1\].m_unit.m_mul.m_enc0.m_sel.single_o
_4162_, m_2x2_systolic_mac.g_unit_x\[0\].g_unit_y\[1\].m_unit.m_mul.m_enc0.m_sel.neg_o
_4163_, m_2x2_systolic_mac.g_unit_x\[0\].g_unit_y\[1\].m_unit.m_mul.m_enc1.m_sel.mul_i\[1\]
_4164_, m_2x2_systolic_mac.g_unit_x\[0\].g_unit_y\[1\].m_unit.m_mul.m_enc1.m_sel.mul_i\[2\]
_4165_, m_2x2_systolic_mac.g_unit_x\[0\].g_unit_y\[1\].m_unit.m_mul.m_enc2.m_sel.mul_i\[1\]
_4166_, m_2x2_systolic_mac.g_unit_x\[0\].g_unit_y\[1\].m_unit.m_mul.m_enc2.m_sel.mul_i\[2\]
_4167_, m_2x2_systolic_mac.g_unit_x\[0\].g_unit_y\[1\].m_unit.m_mul.m_enc3.m_sel.mul_i\[1\]
_4168_, m_2x2_systolic_mac.g_unit_x\[0\].g_unit_y\[1\].m_unit.m_mul.m_enc3.m_sel.mul_i\[2\]
_4169_, m_2x2_systolic_mac.data_input_q\[0\]\[0\]
_4170_, m_2x2_systolic_mac.data_input_q\[0\]\[1\]
_4171_, m_2x2_systolic_mac.data_input_q\[0\]\[2\]
_4172_, m_2x2_systolic_mac.data_input_q\[0\]\[3\]
_4173_, m_2x2_systolic_mac.data_input_q\[0\]\[4\]
_4174_, m_2x2_systolic_mac.data_input_q\[0\]\[5\]
_4175_, m_2x2_systolic_mac.data_input_q\[0\]\[6\]
_4176_, m_2x2_systolic_mac.data_input_q\[0\]\[7\]
_4177_, m_2x2_systolic_mac.g_unit_x\[0\].g_unit_y\[0\].m_unit.m_mul.m_enc0.m_sel.single_o
_4178_, m_2x2_systolic_mac.g_unit_x\[0\].g_unit_y\[0\].m_unit.m_mul.m_enc0.m_sel.neg_o
_4179_, m_2x2_systolic_mac.g_unit_x\[0\].g_unit_y\[0\].m_unit.m_mul.m_enc1.m_sel.mul_i\[1\]
_4180_, m_2x2_systolic_mac.g_unit_x\[0\].g_unit_y\[0\].m_unit.m_mul.m_enc1.m_sel.mul_i\[2\]
_4181_, m_2x2_systolic_mac.g_unit_x\[0\].g_unit_y\[0\].m_unit.m_mul.m_enc2.m_sel.mul_i\[1\]
_4182_, m_2x2_systolic_mac.g_unit_x\[0\].g_unit_y\[0\].m_unit.m_mul.m_enc2.m_sel.mul_i\[2\]
_4183_, m_2x2_systolic_mac.g_unit_x\[0\].g_unit_y\[0\].m_unit.m_mul.m_enc3.m_sel.mul_i\[1\]
_4184_, m_2x2_systolic_mac.g_unit_x\[0\].g_unit_y\[0\].m_unit.m_mul.m_enc3.m_sel.mul_i\[2\]
_4208_, m_2x2_systolic_mac.data_flow_right\[0\]\[0\]
_4209_, m_2x2_systolic_mac.data_flow_right\[0\]\[1\]
_4210_, m_2x2_systolic_mac.data_flow_right\[0\]\[2\]
_4211_, m_2x2_systolic_mac.data_flow_right\[0\]\[3\]
_4212_, m_2x2_systolic_mac.data_flow_right\[0\]\[4\]
_4213_, m_2x2_systolic_mac.data_flow_right\[0\]\[5\]
_4214_, m_2x2_systolic_mac.data_flow_right\[0\]\[6\]
_4215_, m_2x2_systolic_mac.data_flow_right\[0\]\[7\]
_4216_, m_2x2_systolic_mac.m_fsm.res_rd_o\[0\]
_4217_, m_2x2_systolic_mac.g_unit_x\[0\].g_unit_y\[0\].m_unit.step_i
_4218_, m_2x2_systolic_mac.m_fsm.en_q
_4219_, m_2x2_systolic_mac.m_fsm.wr_data_pos_q\[0\]
_4220_, m_2x2_systolic_mac.m_fsm.wr_data_pos_q\[1\]
_4221_, m_2x2_systolic_mac.data_input_q\[1\]\[0\]
_4222_, m_2x2_systolic_mac.data_input_q\[1\]\[1\]
_4223_, m_2x2_systolic_mac.data_input_q\[1\]\[2\]
_4224_, m_2x2_systolic_mac.data_input_q\[1\]\[3\]
_4225_, m_2x2_systolic_mac.data_input_q\[1\]\[4\]
_4226_, m_2x2_systolic_mac.data_input_q\[1\]\[5\]
_4227_, m_2x2_systolic_mac.data_input_q\[1\]\[6\]
_4228_, m_2x2_systolic_mac.data_input_q\[1\]\[7\]
_4229_, m_2x2_systolic_mac.res_stream_q\[0\]\[0\]
_4230_, m_2x2_systolic_mac.res_stream_q\[0\]\[1\]
_4231_, m_2x2_systolic_mac.res_stream_q\[0\]\[2\]
_4232_, m_2x2_systolic_mac.res_stream_q\[0\]\[3\]
_4233_, m_2x2_systolic_mac.res_stream_q\[0\]\[4\]
_4234_, m_2x2_systolic_mac.res_stream_q\[0\]\[5\]
_4235_, m_2x2_systolic_mac.res_stream_q\[0\]\[6\]
_4236_, m_2x2_systolic_mac.res_stream_q\[0\]\[7\]
_4237_, m_2x2_systolic_mac.res_stream_q\[1\]\[0\]
_4238_, m_2x2_systolic_mac.res_stream_q\[1\]\[1\]
_4239_, m_2x2_systolic_mac.res_stream_q\[1\]\[2\]
_4240_, m_2x2_systolic_mac.res_stream_q\[1\]\[3\]
_4241_, m_2x2_systolic_mac.res_stream_q\[1\]\[4\]
_4242_, m_2x2_systolic_mac.res_stream_q\[1\]\[5\]
_4243_, m_2x2_systolic_mac.res_stream_q\[1\]\[6\]
_4244_, m_2x2_systolic_mac.res_stream_q\[1\]\[7\]
_4245_, m_2x2_systolic_mac.m_fsm.wr_weight_pos_q\[0\]
_4246_, m_2x2_systolic_mac.m_fsm.wr_weight_pos_q\[1\]
_4247_, m_2x2_systolic_mac.m_fsm.wr_weight_pos_q\[2\]
_4248_, m_2x2_systolic_mac.m_fsm.wr_weight_pos_q\[3\]
_4249_, m_2x2_systolic_mac.m_fsm.res_rd_o\[1\]
_4250_, m_2x2_systolic_mac.m_fsm.res_wr_o\[1\]
_4251_, m_2x2_systolic_mac.m_fsm.res_wr_o\[0\]
_4272_, m_2x2_systolic_mac.m_fsm.last_step_q
